{"RuleTriggered": 1, "Violations": 1, "Details": {"algo-2": {"cpu": {"p25": 1.5, "p50": 27.775, "p75": 51.084999999999994, "p95": 74.02149999999999, "upper": 100.0, "lower": 0.0}, "gpu0": {"p25": 0.0, "p50": 0.0, "p75": 0.0, "p95": 100.0, "upper": 0.0, "lower": 0.0}, "gpu0_memory": {"p25": 0.0, "p50": 0.0, "p75": 0.0, "p95": 91.0, "upper": 0.0, "lower": 0.0}}, "last_timestamp": 1732130040000000}, "Datapoints": 1609, "RuleParameters": "cpu_threshold_p95:70\ngpu_threshold_p95:70\ngpu_memory_threshold_p95:70\npatience:1000\nwindow:500"}