{"RuleTriggered": 1, "Violations": 1, "Details": {"pin_memory": false, "num_workers": 0, "cores": 4, "dataloaders": 1, "dataloading_time": {"p25": 3.086122, "p50": 3.441312, "p95": 4.013143, "probs": [1, 1, 0, 0, 1, 0, 0, 0, 1, 2, 0, 0, 0, 0, 0, 0, 0, 0, 0, 0, 0, 1, 0, 0, 0, 0, 0, 0, 0, 0, 0, 0, 0, 1, 0, 1, 0, 0, 0, 0, 1, 0, 0, 0, 1, 0, 1, 0, 0, 0, 0, 2, 1, 1, 1, 0, 0, 0, 0, 0, 0, 0, 0, 0, 0, 0, 0, 0, 0, 0, 1, 0, 0, 0, 0, 0, 0, 1, 0, 0, 0, 0, 0, 0, 0, 0, 0, 0, 0, 0, 0, 0, 0, 0, 0, 0, 0, 0, 0, 2], "binedges": [2.986524, 2.99679019, 3.0070563800000003, 3.01732257, 3.02758876, 3.0378549500000003, 3.04812114, 3.0583873300000004, 3.0686535200000002, 3.07891971, 3.0891859000000004, 3.09945209, 3.10971828, 3.1199844700000003, 3.13025066, 3.14051685, 3.1507830400000003, 3.16104923, 3.17131542, 3.1815816100000003, 3.1918478, 3.2021139900000004, 3.2123801800000003, 3.22264637, 3.2329125600000004, 3.24317875, 3.25344494, 3.2637111300000003, 3.27397732, 3.28424351, 3.2945097000000003, 3.30477589, 3.3150420800000004, 3.3253082700000003, 3.33557446, 3.3458406500000004, 3.3561068400000003, 3.36637303, 3.3766392200000004, 3.3869054100000002, 3.3971716, 3.4074377900000004, 3.41770398, 3.42797017, 3.4382363600000003, 3.44850255, 3.45876874, 3.4690349300000003, 3.47930112, 3.48956731, 3.4998335000000003, 3.51009969, 3.5203658800000004, 3.5306320700000002, 3.5408982600000005, 3.5511644500000004, 3.56143064, 3.5716968300000005, 3.5819630200000003, 3.59222921, 3.6024954000000005, 3.6127615900000003, 3.62302778, 3.6332939700000004, 3.6435601600000003, 3.65382635, 3.6640925400000004, 3.6743587300000002, 3.68462492, 3.6948911100000004, 3.7051573, 3.71542349, 3.7256896800000003, 3.73595587, 3.74622206, 3.7564882500000003, 3.76675444, 3.7770206300000004, 3.7872868200000003, 3.7975530100000006, 3.8078192000000004, 3.8180853900000002, 3.8283515800000005, 3.8386177700000004, 3.84888396, 3.8591501500000005, 3.8694163400000003, 3.87968253, 3.8899487200000005, 3.9002149100000003, 3.9104811, 3.9207472900000004, 3.9310134800000003, 3.94127967, 3.9515458600000004, 3.9618120500000003, 3.97207824, 3.9823444300000004, 3.99261062, 4.00287681, 4.013143]}}, "Datapoints": 21, "RuleParameters": "min_threshold:70\nmax_threshold:200"}