{"RuleTriggered": 163, "Violations": 163, "Details": {"algo-1": {"gpu0": {"increase": 6.488888888888891, "gpu_max": 100.0, "p05": 0.0, "p25": 0.0, "p50": 0.0, "p75": 9.75, "p95": 98.0, "upper": 24.375, "lower": 0.0}}, "last_timestamp": 1732130820000000, "algo-2": {"gpu0": {"increase": 9.855555555555554, "gpu_max": 100.0, "p05": 0.0, "p25": 0.0, "p50": 0.0, "p75": 0.0, "p95": 97.0, "upper": 0.0, "lower": 0.0}}}, "Datapoints": 1610, "RuleParameters": "increase:5\npatience:1000\nwindow:10"}