{"RuleTriggered": 0, "Violations": 35, "Details": {"low_gpu_utilization": 2556, "bottlenecks": {"1732130088.501026": {"GPUs": 1, "CPUs": 2}, "1732130094.001344": {"GPUs": 1, "CPUs": 1}, "1732130085.001305": {"GPUs": 1, "CPUs": 1}, "1732130088.501871": {"GPUs": 1, "CPUs": 1}, "1732130093.501958": {"GPUs": 1, "CPUs": 1}, "1732130095.00159": {"GPUs": 1, "CPUs": 1}, "1732130095.501507": {"GPUs": 1, "CPUs": 2}, "1732130098.501243": {"GPUs": 1, "CPUs": 1}, "1732130122.501947": {"GPUs": 1, "CPUs": 1}, "1732130164.500976": {"GPUs": 1, "CPUs": 1}, "1732130163.00143": {"GPUs": 1, "CPUs": 1}, "1732130164.001847": {"GPUs": 1, "CPUs": 1}, "1732130165.502078": {"GPUs": 1, "CPUs": 1}, "1732130169.001812": {"GPUs": 1, "CPUs": 1}, "1732130310.501077": {"GPUs": 1, "CPUs": 1}, "1732130363.000855": {"GPUs": 1, "CPUs": 1}, "1732130363.501287": {"GPUs": 1, "CPUs": 1}, "1732130366.000627": {"GPUs": 1, "CPUs": 1}, "1732130366.500768": {"GPUs": 1, "CPUs": 1}, "1732130368.001289": {"GPUs": 1, "CPUs": 1}, "1732130368.501355": {"GPUs": 1, "CPUs": 1}, "1732130369.001314": {"GPUs": 1, "CPUs": 1}, "1732130369.501227": {"GPUs": 1, "CPUs": 1}, "1732130370.000619": {"GPUs": 1, "CPUs": 1}, "1732130378.000855": {"GPUs": 1, "CPUs": 1}, "1732130382.000943": {"GPUs": 1, "CPUs": 1}, "1732130383.001201": {"GPUs": 1, "CPUs": 1}, "1732130363.502102": {"GPUs": 1, "CPUs": 1}, "1732130364.001887": {"GPUs": 1, "CPUs": 1}, "1732130364.501628": {"GPUs": 1, "CPUs": 1}, "1732130366.001632": {"GPUs": 1, "CPUs": 1}, "1732130366.501982": {"GPUs": 1, "CPUs": 1}, "1732130367.001338": {"GPUs": 1, "CPUs": 1}, "1732130380.502112": {"GPUs": 1, "CPUs": 1}, "1732130382.502104": {"GPUs": 1, "CPUs": 1}}}, "Datapoints": 3232, "RuleParameters": "threshold:50\nio_threshold:50\ngpu_threshold:10\npatience:1000"}