{"RuleTriggered": 0, "Violations": 0, "Details": {"step_num": {"first": 1732130387419614, "last": 1732130879663859}, "job_start": 1732130074.500655, "job_end": 1732130879.502069}, "Datapoints": 176, "RuleParameters": "threshold:20"}